id,date,effective_date,event,significance,nations_and_indigenous_organizations,governments,companies_and_assets,province_or_territory,region,sector_theme,amount,economic_mechanism,stage,primary_sources,independent_verification,dissent_or_competing_perspective,status_as_of_2026_07_15,next_catalyst,confidence,unresolved_questions
YTD26-001,2026-01-16,,"Canada announced an unused-spectrum licensing framework intended to improve rural, remote, and Indigenous connectivity.","It creates a route for Indigenous and other local applicants to use spectrum that incumbents are not deploying, but it did not itself build a network or transfer a licence.",,"Government of Canada | Innovation, Science and Economic Development Canada",,Canada-wide,rural and remote Canada,digital infrastructure | regulation | economic development,,spectrum licensing | regulatory access,implementation,Government of Canada taking action to provide greater access to unused spectrum: https://www.canada.ca/en/innovation-science-economic-development/news/2026/01/government-of-canada-taking-action-to-provide-greater-access-to-unused-spectrum-supporting-connectivity-in-rural-remote-and-indigenous-communities.html,,"Access to spectrum is only one constraint. Capital, backhaul, operating capacity, and viable customer economics remain separate barriers.",Framework announced. The first Indigenous application window was expected in spring 2026; no material licence award or completed network was located in this review.,Publication of licence awards and evidence of financed network deployment.,high,"Which Indigenous applicants received licences? | How much new coverage will result, on what timetable, and with what capital stack?"
YTD26-002,2026-01-26,2026-01-26,"Skeena Gold + Silver's Eskay Creek project received a B.C. environmental assessment certificate, a federal impact-assessment decision, and a Mines Act permit with Tahltan consent.","Eskay Creek became the first project authorized through a consent-based decision-making agreement under section 7 of B.C.'s Declaration Act. It is a practical test of consent as a project-governance mechanism, not only a policy aspiration.",Tahltan Central Government | Tahltan Nation | Nisga'a Nation,Government of British Columbia | Government of Canada,Skeena Gold + Silver | Eskay Creek Revitalization Project,British Columbia,northwestern British Columbia | Golden Triangle,mining | critical minerals | consent | environmental assessment,,consent agreement | permit | environmental approval | benefit agreement,permit or approval,Eskay Creek mine project receives environmental assessment certificate: https://news.gov.bc.ca/releases/2026ENV0003-000074 | B.C. issues Mines Act permit for Eskay Creek: https://archive.news.gov.bc.ca/releases/news_releases_2024-2028/2026MCM0008-000078.htm | Federal updated decision statement: https://iaac-aeic.gc.ca/050/evaluations/document/166264 | Skeena corporate announcement: https://skeenagoldsilver.com/news-release/skeena-gold-silver-secures-environmental-assessment-certificate-and-federal-impact-assessment-approval-for-eskay-creek/,B.C. issues environmental assessment certificate for Eskay Creek mine: https://infonews.ca/news/7517221/bc-issues-environmental-assessment-certificate-for-eskay-creek-mine/,"Tahltan consent is not a substitute for all remaining regulatory, financing, environmental, and execution risk. Support from one rights-holding Nation should not be generalized into a single regional Indigenous view.",Core provincial and federal approvals were issued. Additional authorizations and construction execution remained; the company targeted first production in the second quarter of 2027.,"Remaining permits, financing and construction milestones, then the company's Q2 2027 production target.",high,Will the project meet its construction schedule and budget? | How will consent conditions and benefit commitments be monitored through operations?
YTD26-003,2026-01-27,2026-01-27,Wiikwemkoong Unceded Territory acquired Edmonton's Connect Centre for approximately $65 million.,The closed commercial-property transaction broadens the pattern of First Nation investment beyond resource projects and reserve-adjacent real estate into institutional urban assets.,Wiikwemkoong Unceded Territory,,Connect Centre | ICE District,Alberta,Edmonton,commercial real estate | Nation ownership | own-source revenue,65000000 CAD (reported purchase price),asset acquisition | direct ownership,transaction closed,Wiikwemkoong buys Edmonton commercial property: https://anishinabeknews.ca/2026/01/wiikwemkoong-buys-edmonton-commercial-property-for-65-million/,Wiikwemkoong buys retail centre: https://www.costar.com/article/2134272918/wiikwemkoong-buys-retail-centre-as-edmontons-ice-district-draws-new-investors | Historic Indigenous investment adds momentum: https://www.albertanativenews.com/historic-indigenous-investment-adds-momentum-to-edmonton-downtown-development/,"Purchase price alone does not reveal leverage, capitalization rate, tenant concentration, or the distribution policy that will determine community benefit.",Acquisition reported as complete. Financing terms and ongoing asset performance were not publicly disclosed.,"Operating performance, refinancing, or Nation reporting on distributions and strategic purpose.",medium,What debt and equity funded the acquisition? | What return and governance thresholds does the Nation use for urban real estate?
YTD26-004,2026-02-12,,Canada introduced Bill C-21 to give effect to the Red River Métis Self-Government Recognition and Implementation Treaty.,"If enacted, it would give statutory effect to a first-of-its-kind Métis self-government treaty. As of the cutoff it remained a bill, not operative law.",Manitoba Métis Federation | Red River Métis | Assembly of Manitoba Chiefs,Government of Canada,,Manitoba | Canada-wide,Red River Métis Homeland,Métis | self-government | legislation | jurisdiction,,treaty implementation | legislation | jurisdiction,legislation introduced,LEGISinfo: Bill C-21: https://www.parl.ca/legisinfo/en/bill/45-1/c-21 | Canada introduces treaty implementation bill: https://www.canada.ca/en/crown-indigenous-relations-northern-affairs/news/2026/02/canada-introduces-bill-for-self-government-treaty-with-the-manitoba-metis-federation.html,,The Assembly of Manitoba Chiefs argued that First Nations treaty rights and jurisdiction required stronger protection before the bill advanced.,At second reading in the House of Commons. It had not received Royal Assent.,Committee referral and report-stage progress in Parliament.,high,Will Parliament amend the bill to address First Nations concerns? | What fiscal and implementation arrangements would follow enactment?
YTD26-005,2026-02-19,2026-02-19,Canada and five A-Tlegay member Nations signed a 20-year fisheries reconciliation agreement.,"The agreement secures access through open-market purchases of licences and quota, shellfish-aquaculture opportunities, training, and collaborative management without expanding the overall commercial fishery.",K’ómoks First Nation | Kwiakah First Nation | Tlowitsis Nation | We Wai Kai Nation | Wei Wai Kum First Nation | A-Tlegay Fisheries Society,Government of Canada | Fisheries and Oceans Canada,,British Columbia,Vancouver Island | central coast,fisheries | aquaculture | rights | economic reconciliation,,reconciliation agreement | licence and quota acquisition | training | co-management,implementation,Canada and A-Tlegay member Nations sign fisheries agreement: https://www.canada.ca/en/fisheries-oceans/news/2026/02/government-of-canada-and-the-a-tlegay-member-nations-sign-milestone-reconciliation-agreement-for-fisheries-resources.html,,"The financial terms were not public, and market-purchased access does not resolve every rights-based fishing question.",Agreement signed and implementation beginning. The public release did not disclose consideration or an acquisition schedule.,"Licence, quota, aquaculture, training, and co-management implementation reports.",high,What capital is committed and how quickly will access be acquired? | What governance and distribution arrangements apply among the five Nations?
YTD26-006,2026-02-20,2026-02-20,"Musqueam Indian Band and Canada signed three agreements concerning rights recognition, stewardship, and fisheries.",The package moves parts of Musqueam-Crown relations into negotiated implementation and stewardship structures while leaving broader title and jurisdiction questions intact.,Musqueam Indian Band,Government of Canada,,British Columbia,Lower Mainland | Fraser River | Salish Sea,rights | stewardship | fisheries | jurisdiction,,rights-recognition agreement | stewardship agreement | fisheries agreement,implementation,Musqueam and Canada sign historic agreements: https://www.canada.ca/en/crown-indigenous-relations-northern-affairs/news/2026/02/musqueam-and-canada-sign-historic-agreements-recognizing-rights-stewardship-and-fisheries.html,Musqueam's rights recognition agreement: separating fact from fiction: https://jfklaw.ca/musqueams-rights-recognition-agreement-separating-fact-from-fiction/,"Some public commentary overstated or mischaracterized the agreements. They should be read by their legal text and implementation mechanics, not by political shorthand.",Signed. Public evidence of implementation outcomes remained early.,"Implementation bodies, workplans, and any measurable fisheries or stewardship outcomes.",high,Which decisions move into shared or consent-based processes? | What economic capacity and recurring funding accompany implementation?
YTD26-007,2026-02-27,2026-02-27,Ontario Superior Court upheld the Crown's $3.6-billion compensation determination for the Robinson-Superior Treaty annuity breach.,The first-of-its-kind constitutional-compliance review accepted a range of honourable Crown outcomes while criticizing elements of the engagement process. It clarified judicial review of Crown-set treaty compensation after failed negotiation.,Robinson-Superior Treaty First Nations | Red Rock First Nation | Whitesand First Nation,Government of Canada | Government of Ontario,,Ontario,Lake Superior treaty territory,treaty | settlement | wealth governance | litigation,3600000000 CAD (Crown-determined compensation plus agreed costs),treaty compensation | court-supervised Crown determination,judgment,"Red Rock First Nation v. Canada, 2026 ONSC 1169: https://rrib.ca/files/5017/7222/3628/Red_Rock_First_Nation_v._Canada_Attorney_General_2026_ONSC_1169__Decision_on_Motion_for_Constitutional_Compliance_February_27_2026.docx.pdf",CanLII mirror and case summary: https://www.minicounsel.ca/scj/2026/1169,The court found serious relational harm in late disclosure and aspects of Crown engagement even though it declined to overturn the amount. A settlement amount is not a proxy for community wealth outcomes.,"Compensation determination upheld. Allocation, costs, distribution, investment governance, and any further appellate steps required continued monitoring.","Final implementation, payment, allocation, and any appeal or related costs decision.",high,When and how will compensation be paid and allocated? | What governance will protect intergenerational value while meeting current community priorities?
YTD26-008,2026-02-28,,Kitsaki Management and March Consulting entered a definitive agreement to form a 51-per-cent Indigenous-owned engineering partnership.,"The structure targets professional-services ownership and procurement capacity, an underdeveloped layer between Indigenous project equity and outsourced technical work.",Lac La Ronge Indian Band | Kitsaki Management Limited Partnership,,March Consulting Associates | proposed engineering limited partnership,Saskatchewan,northern Saskatchewan,engineering | procurement | entrepreneurship | professional services,,joint venture | majority ownership | procurement,proposal,Kitsaki and March enter definitive agreement: https://www.marchconsulting.com/2026/02/28/kitsaki-and-march-enter-definitive-agreement-to-form-indigenous-owned-engineering-firm/,,"A definitive formation agreement is stronger than an MOU but does not demonstrate revenue, Indigenous technical employment, or procurement wins.","Agreement announced. Closing, operating launch, and contract awards were not independently confirmed.","Formation close, management appointments, and awarded contracts.",medium,"Has the partnership legally closed and begun operating? | How are control, profit distribution, and technical capacity shared?"
YTD26-009,2026-03-07,2026-03-07,"Mississaugas of the Credit, Canada, and Ontario completed a $183.4-million Rouge River Valley Tract Claim settlement.",The member-approved settlement converts a historic treaty-related claim into investable capital while explicitly leaving private-property ownership outside the claim.,Mississaugas of the Credit First Nation,Government of Canada | Government of Ontario,,Ontario,Greater Toronto Area | Rouge River Valley,specific claims | settlement | trusts | wealth governance,183400000 CAD ($108.4 million from Canada and $75 million from Ontario),negotiated settlement | cash compensation,transaction closed,Rouge River Valley Tract Claim final settlement: https://www.canada.ca/en/crown-indigenous-relations-northern-affairs/news/2026/03/mississaugas-of-the-credit-canada-and-ontario-celebrate-final-settlement-of-rouge-river-valley-tract-claim.html,,"The settlement resolves past losses, but public sources did not disclose the Nation's investment, trust, distribution, or acquisition policy.",Approved by members and signed by all three parties.,"Nation decisions on trust structure, investment policy, land acquisition, and community priorities.",high,How will the capital be governed and allocated across generations? | Will the settlement seed operating assets or primarily fund community priorities?
YTD26-010,2026-03-10,2026-02-02,A federal Indigenous loan guarantee supported First Nation ownership in Hydro One's Chatham-to-Lakeshore transmission line.,"The transaction moved from announced partnership to financed equity. Five First Nations collectively held 50 per cent, with the federal guarantee supporting two Nations' acquisition of nearly 20 per cent.",Aamjiwnaang First Nation | Caldwell First Nation | Chippewas of Kettle and Stony Point First Nation | Chippewas of the Thames First Nation | Walpole Island First Nation,Government of Canada,Hydro One | Chatham-to-Lakeshore Transmission Line,Ontario,southwestern Ontario,electricity | transmission | loan guarantees | Nation ownership,,equity acquisition | federal loan guarantee | 50-50 partnership,financial close,Second federal Indigenous loan guarantee issued: https://cilgc-cgpac.ca/2026/03/second-loan-guarantee-issued-under-the-federal-indigenous-loan-guarantee-program | Government supports Hydro One line equity purchase: https://www.canada.ca/en/department-finance/news/2026/03/government-supports-equity-purchase-of-hydro-one-line-to-advance-indigenous-economic-participation.html | Hydro One Indigenous partnerships: https://www.hydroone.com/about/regulatory/hydro-one-indigenous-partnerships,Hydro One annual filing: https://www.sec.gov/Archives/edgar/data/1712356/000162828026008009/a2025holaif.htm | Historic 50-50 energy deal: https://sarnianewstoday.ca/sarnia/news/2026/05/20/hydro-one-and-area-first-nations-build-trust-with-historic-5050-energy-deal,"The guarantee lowers financing friction but does not remove operating, regulatory, refinancing, or distribution-policy risk. Public sources did not expose each Nation's economics.",Ownership and supporting financing reported complete; the line was in service.,"First full-year distributions and disclosure of debt service, reserve policy, and community use of proceeds.",high,"What are the acquisition price, debt terms, and forecast distributions? | How will the five Nations govern their collective ownership vehicle?"
YTD26-011,2026-03-17,2026-03-17,Snuneymuxw First Nation acquired full ownership of the Courtyard by Marriott Nanaimo.,The closed acquisition consolidated ownership of a major hospitality asset within Snuneymuxw's territory and complements the Nation's broader downtown development position.,Snuneymuxw First Nation,,Courtyard by Marriott Nanaimo,British Columbia,Nanaimo | Vancouver Island,hospitality | tourism | commercial real estate | Nation ownership,,asset acquisition | full ownership,transaction closed,Snuneymuxw acquires full ownership of Nanaimo Marriott: https://nanaimobulletin.com/2026/03/17/snuneymuxw-first-nation-acquires-full-ownership-of-courtyard-by-marriott-nanaimo/,,"The purchase consideration, debt, management agreement, and asset-level economics were not public.",Acquisition announced as complete.,Operating results and integration into Snuneymuxw's downtown economic strategy.,medium,What capital structure and return thresholds apply? | How is ownership separated from hotel management and brand obligations?
YTD26-012,2026-03-19,2026-03-19,Hardy Buoys Smoked Fish transitioned to Indigenous ownership in Port Hardy.,"The succession transaction preserves a local processing business and shifts operating ownership, employment, and potential value-added seafood revenue into an Indigenous economic-development platform.",Nuu-chah-nulth Economic Development Corporation,,Hardy Buoys Smoked Fish,British Columbia,Port Hardy | northern Vancouver Island,fisheries | food processing | entrepreneurship | business succession,,business acquisition | ownership transfer,transaction closed,Hardy Buoys transitions to Indigenous ownership: https://www.nedc.info/hardy-buoys-smoked-fish-transitions-to-indigenous-ownership-in-port-hardy/,,"Terms were private, and ownership transition is only the first test. Working capital, supply security, management continuity, and margins will determine durability.",Transaction announced as complete; operating disclosure was limited.,"Evidence of retained employment, new procurement links, growth, and financial performance.",medium,Who ultimately owns and governs the acquisition vehicle? | What fisheries-supply and market advantages can the new owner create?
YTD26-013,2026-03-26,2026-03-26,The First Nations Finance Authority placed a $485-million bond issue.,The issue expanded pooled access to long-term capital at a reported 3.99-per-cent member rate and demonstrated continued institutional demand for the FMA borrowing model.,First Nations Finance Authority | participating First Nations,,,Canada-wide,Canada-wide,capital markets | First Nations fiscal institutions | infrastructure | pooled borrowing,485000000 CAD (bond issue),pooled bond issuance | secured lending,financial close,FNFA secures $485 million: https://fnfa.ca/en/fnfa-secures-485-million/ | FNFA March 2026 term sheet: https://fnfa.ca/wp-content/uploads/2026/06/FNFA-Term-Sheet-June-2035-Re-Opening-March-2026.pdf,,Bond proceeds and member-community draws are related but different measures. Adding both overstates capital deployed. Borrowing capacity also depends on qualifying revenues and governance certification.,Issue closed and allocated to approximately 40 investors; FNFA reported its portfolio above $4.3 billion at issuance.,"Member draws, project deployment, ratings updates, and subsequent issuance.",high,Which uses of proceeds create recurring own-source revenue versus replace grant-funded infrastructure? | How concentrated are pledged revenues and borrower exposures?
YTD26-014,2026-03-26,2026-03-26,"Bill C-15 received Royal Assent, creating the First Nations Goods and Services Tax Act framework.","The opt-in FACT regime gives participating First Nations a legislated route to impose a five-per-cent tax on fuel, alcohol, cannabis, tobacco, and vaping products on reserve or settlement lands. It is real fiscal-jurisdiction architecture, but community laws and administration must still follow.",participating First Nations | First Nations Tax Commission,Government of Canada,,Canada-wide,reserve and settlement lands,tax jurisdiction | First Nations fiscal institutions | legislation | own-source revenue,,tax | opt-in fiscal jurisdiction | revenue administration,legally effective,First Nations Goods and Services Tax Act: https://laws-lois.justice.gc.ca/eng/acts/F-11.7/FullText.html?txthl=acts | Budget 2025 legislation receives Royal Assent: https://www.canada.ca/en/department-finance/news/2026/03/legislation-passes-to-implement-budget-2025-canada-strong.html | Senate committee report on Bill C-15: https://sencanada.ca/en/committees/APPA/Report/149639/45-1,,"The law is optional and narrow. It does not automatically create revenue, and design trade-offs include administration, interaction with existing tax-sharing arrangements, local incidence, and political acceptance.",Federal statute in force. No verified list of First Nations with implemented FACT laws and collections was located by the cutoff.,"First community laws, administration agreements, collection dates, and disclosed revenue results.",high,Which First Nations will opt in and on what subset of products? | What net recurring revenue remains after administration and changes to other tax-sharing arrangements?
YTD26-015,2026-03-26,2026-03-26,The Procurement Ombud reported systemic integrity and accountability failures in federal Indigenous procurement.,"The review weakened confidence in headline claims about the five-per-cent target by finding no central policy or accountability, inconsistent verification, missed mandatory pre-award audits, and weak monitoring of Indigenous delivery.",Indigenous businesses | Canadian Council for Indigenous Business,Office of the Procurement Ombud | Indigenous Services Canada | Public Services and Procurement Canada,,Canada-wide,Canada-wide,procurement | entrepreneurship | policy integrity | economic development,1240000000 CAD (ISC-reported 2023-24 procurement from Indigenous businesses; review found impact may be overstated),procurement | set-aside | supplier verification | audit,implementation,Procurement practice review: https://opo-boa.gc.ca/praapp-prorev/2026/epa-ppr-03-2026-eng.html | Procurement Ombud news release: https://www.canada.ca/en/procurement-ombudsman/news/2026/03/procurement-ombud-calls-for-stronger-indigenous-procurement-policy-to-advance-economic-reconciliation.html | ISC response and program information: https://isc.gc.ca/eng/1746637262900/1746637283564,CCIB response: https://www.globenewswire.com/news-release/2026/03/31/3266134/0/en/Statement-CCIB-Response-to-the-Office-of-the-Procurement-Ombud-s-Procurement-Practice-Review-of-Contracts-Awarded-to-Indigenous-Businesses-Report.html,"Government reported exceeding the five-per-cent target, while the Ombud's evidence showed that reported spend is not equivalent to verified Indigenous economic participation.","Findings published. Departments promised changes, but a fully operating central policy, audit regime, and outcome measure were not demonstrated by the cutoff.","Implementation of strengthened registration, control verification, pre-award audits, subcontracting disclosure, and benefit measurement.",high,"How much reported spending produces verified Indigenous control, employment, and retained margin? | Will reforms protect legitimate joint ventures without enabling pass-through structures?"
YTD26-016,2026-03-30,2026-03-30,The Canadian Human Rights Tribunal approved an $8.5-billion agreement to reform First Nations child and family services in Ontario.,"The agreement is a large, legally supervised service-system reform with material implications for First Nation governance capacity and community infrastructure, although it is not an investment transaction.",Ontario First Nations | First Nations Child and Family Caring Society | Assembly of First Nations,Government of Canada | Canadian Human Rights Tribunal,,Ontario,Ontario,social infrastructure | self-determination | fiscal policy | implementation,8500000000 CAD (reform agreement),program funding | tribunal-approved reform | service transfer,implementation,CHRT approves Ontario reform agreement: https://www.canada.ca/en/indigenous-services-canada/news/2026/03/canadian-human-rights-tribunal-approves-historic-agreement-to-reform-ontario-first-nations-child-and-family-services.html,,"Approval and a large envelope do not prove timely service improvements. Funding design, indexing, governance, workforce, and accountability will determine outcomes.",Tribunal-approved and entering implementation in Ontario.,"Implementation plans, funding flows, service standards, and measured outcomes.",high,How will funding translate into local service capacity? | What precedential effect will the Ontario model have elsewhere?
YTD26-017,2026-04-02,2026-04-02,The B.C. Court of Appeal declared Nuchatlaht Aboriginal title over the full claim area of roughly 210 square kilometres on Nootka Island.,The court rejected an overly site-specific test and reaffirmed a territorial approach to occupation. The decision changes legal risk and negotiation leverage in land and resource decisions within the title area.,Nuchatlaht First Nation,Government of British Columbia,,British Columbia,Nootka Island | west coast of Vancouver Island,Aboriginal title | forestry | land governance | litigation,,declaration of Aboriginal title | jurisdiction | remedy,judgment,"The Nuchatlaht v. British Columbia, 2026 BCCA 137: https://www.canlii.org/en/bc/bcca/doc/2026/2026bcca137/2026bcca137.html",JFK Law analysis of Nuchatlaht: https://jfklaw.ca/bc-court-of-appeal-confirms-aboriginal-title-to-entire-claim-area-in-the-nuchatlaht-v-british-columbia-2026-bcca-137/,"The decision is legally significant but should not be generalized to every title claim. Each claim turns on its evidentiary record, and practical land-use implementation still requires work.",Court of Appeal declaration in force; no verified Supreme Court of Canada leave application was located in this review.,"Implementation, remedies, land and forestry negotiations, or any further appellate filing.",high,How will existing tenures and land-use decisions be reconciled with the declaration? | What fiscal and governance arrangements will operationalize title?
YTD26-018,2026-04-09,,The CRTC opened a consultation on a new Indigenous stream of the Broadband Fund.,"The process could create more accessible capital for Indigenous-led connectivity, but as of the cutoff it was consultation, not awarded funding or deployed infrastructure.",First Nations | Inuit | Métis | Indigenous internet service providers,Canadian Radio-television and Telecommunications Commission,,Canada-wide,"rural, remote, northern, and Indigenous communities",digital infrastructure | broadband | regulation | capital access,,grant program design | regulatory consultation,consultation,Telecom Notice of Consultation CRTC 2026-47: https://crtc.gc.ca/eng/archive/2026/2026-47.htm | Broadband Fund Indigenous stream consultation: https://www.crtc.gc.ca/eng/internet/fnd/appl/tech.htm,,"A dedicated stream may improve fit but does not by itself solve long-term operating economics, procurement capacity, or community ownership of infrastructure and data.",Consultation underway; no awards.,"CRTC decision, program terms, application window, and first awards.",high,Will the stream fund Indigenous ownership or only service to Indigenous communities? | How will affordability and long-term operations be measured?
YTD26-019,2026-04-15,,"B.C. introduced the Kitselas Treaty Act, then deferred further passage to the fall amid neighbouring-Nation concerns.",The pause shows that a negotiated treaty can still face unresolved overlapping-title and implementation questions. Treaty certainty depends on relationships beyond the signatory table.,Kitselas First Nation | Haisla Nation | Lax Kw'alaams Band | Gitxaała Nation,Government of British Columbia | Government of Canada,,British Columbia,Skeena River | north coast,modern treaty | overlapping title | legislation | land governance,,treaty | land transfer | self-government | legislation,legislation introduced,B.C. introduces Kitselas Treaty Act: https://archive.news.gov.bc.ca/releases/news_releases_2024-2028/2026PREM0019-000416.htm | Bill 21 first-reading text: https://lims.leg.bc.ca/pdms/ldp/43rd2nd/1st_read/gov21-1.htm | Haisla Nation statement: https://haisla.ca/haisla-nation-has-released-a-statement-regarding-the-kitselas-treaty-and-the-crowns-treaty-implementation-process/ | Lax Kw'alaams statement: https://laxkwalaams.ca/press-release-government-of-british-columbia-prepares-to-undermine-reconciliation-and-economic-certainty-on-north-coast-of-bc-with-kitselas-treaty-legislation/,Kitselas treaty legislation delayed: https://www.cfnrfm.ca/2026/05/29/121265/,Kitselas and the Crowns present the treaty as a route to self-government and certainty. Neighbouring Nations argue the implementation process could affect their rights and territories without adequate resolution.,Introduced but not enacted; further passage deferred to fall 2026.,Inter-Nation and Crown discussions before the fall legislative session.,high,Can overlap concerns be resolved without reopening core treaty terms? | What legal and economic certainty will exist if implementation proceeds amid continued objections?
YTD26-020,2026-04-24,,"Canada reconfigured the $4-billion urban, rural, and northern Indigenous housing commitment around Build Canada Homes and distinctions-based agreements.","The decision moved away from the previously contemplated National Indigenous Housing Centre. It allocated $1.7 billion through Build Canada Homes, nearly $2 billion through distinctions-based agreements, and up to $300 million through Indigenous Services Canada, but delivery remained to be proven.",First Nations | Inuit | Métis | urban Indigenous housing providers,Government of Canada | Build Canada Homes | Indigenous Services Canada,,Canada-wide,"urban, rural, northern, and distinctions-based geographies",housing | community infrastructure | fiscal policy | implementation,4000000000 CAD (rebalanced federal commitment),capital funding | distinctions-based agreements | housing finance,implementation,"Delivering funding for urban, rural, and northern Indigenous housing: https://www.canada.ca/en/housing-infrastructure-communities/news/2026/04/delivering-on-funding-for-urban-rural-and-northern-indigenous-housing.html",,A reallocated envelope is not a completed home. The governance shift may accelerate some channels while weakening the Indigenous-led centre model sought by parts of the sector.,"Funding architecture announced; project intake, binding agreements, starts, completions, and long-term operating support remained uneven or pending.","Funding agreements, project approvals, starts, completions, and disclosure of Indigenous governance over allocation.",high,How much funding is incremental and contractually committed? | Who controls allocation decisions for urban Indigenous housing?
YTD26-021,2026-05-01,2026-05-01,B.C. signed $283 million of 10-year restoration agreements with seven Treaty 8 First Nations.,"The agreements treat restoration as durable economic infrastructure by funding Nation-led ecological work, employment, training, and stewardship after the Yahey cumulative-effects judgment.",seven Treaty 8 First Nations in northeastern British Columbia | Fort Nelson First Nation | Prophet River First Nation | McLeod Lake Indian Band,Government of British Columbia,,British Columbia,northeastern British Columbia | Treaty 8 territory,restoration economy | stewardship | Treaty rights | employment,283000000 CAD (combined investment over 10 years),long-term funding agreement | procurement | employment | stewardship,implementation,B.C. and Treaty 8 First Nations sign restoration agreements: https://news.gov.bc.ca/releases/2026ECS0011-000494,Province signs $283M of restoration agreements: https://www.cjdctv.com/news/article/province-signs-283m-worth-of-restoration-agreements-with-treaty-8-first-nations-in-northeast-bc/,"Restoration funding responds to accumulated damage but does not itself resolve future development limits, cumulative-effects governance, or the Crown's full Treaty obligations.","Agreements signed, with Nation-specific plans to be developed and monitored through a stewardship forum.","Nation workplans, procurement, jobs, ecological indicators, and interaction with regional land-use decisions.",high,"How is funding allocated among Nations and years? | Which outcomes will be independently measured, and who controls data and procurement?"
YTD26-022,2026-05-04,2026-05-04,The Auditor General found that Indigenous Services Canada had not demonstrated whether new fiscal initiatives with First Nations were improving outcomes.,"The audit challenged the assumption that longer grant terms and reduced reporting automatically equal a functioning new fiscal relationship. It found unfulfilled commitments, incomplete monitoring, and no outcome assessment despite $6.5 billion in 10-year grants through 2024-25.",First Nation grant recipients | First Nations Financial Management Board,Office of the Auditor General of Canada | Indigenous Services Canada,,Canada-wide,Canada-wide,fiscal relationship | First Nations fiscal institutions | governance | audit,"6500000000 CAD (10-year grant funding through 2024-25, audited context rather than a new 2026 commitment)",10-year grants | capacity funding | outcome measurement,implementation,Auditor General: New Fiscal Initiatives with First Nations: https://www.canada.ca/en/auditor-general/our-work/audit-reports/auditor-general-202605-new-fiscal-initiatives-with-first-nations.html?wbdisable=true | Indigenous Services Canada response: https://www.canada.ca/en/indigenous-services-canada/news/2026/05/auditor-general-of-canadas-report-new-fiscal-initiatives-with-first-nations.html,,"Recipients value predictability and reduced administrative burden, and ISC said no First Nation was under active third-party management as of April 1. The audit's point was not that flexibility failed, but that government could not show outcomes or complete its commitments.",Audit recommendations accepted; corrective implementation not yet demonstrated.,"ISC action plan, completed co-development commitments, monitoring quality, and outcome reporting.",high,What measures can demonstrate fiscal autonomy without recreating punitive reporting? | Will capacity funding match the responsibilities transferred?
YTD26-042,2026-05-07,,"NACCA and Alto signed an MOU to connect Indigenous businesses, entrepreneurs, workers, and Indigenous Financial Institutions to Canada's proposed high-speed rail network.","The agreement brings NACCA's network of more than 50 Indigenous Financial Institutions into an early national rail-procurement and workforce framework. It is a pathway to participation, not a contract, equity stake, or construction decision.","National Aboriginal Capital Corporations Association | Indigenous Financial Institutions | potentially affected First Nations, Inuit, and Métis governments and businesses",Government of Canada | Transport Canada,Alto | proposed Toronto-to-Québec City high-speed rail network,Ontario | Quebec,Toronto-to-Québec City corridor,rail | procurement | Indigenous Financial Institutions | workforce | major projects,,MOU | procurement access | business finance | workforce development,MOU,NACCA and Alto sign Indigenous economic participation MOU: https://www.altotrain.ca/en/news/nacca-and-alto-sign-mou-support-indigenous-economic-participation-canadas-high-speed-rail,Transport Canada 2026-27 Indigenous participation funding-program plan: https://tc.canada.ca/en/corporate-services/transparency/corporate-management-reporting/departmental-plans-dp/transport-canada-2026-2027-departmental-plan/2026-2027-details-transfer-payment-programs-under-5-million,"Early engagement can shape procurement and benefits, but an MOU can also remain procedural. The eventual alignment, land effects, consultation, financing, and contract packages will determine whether businesses and rights holders gain durable authority and revenue.","MOU signed during project co-development. No Indigenous equity stake, procurement award, or construction contract was identified by the cutoff.","Corridor and station decisions, Indigenous consultation results, funding-program design, and the first procurement packages or business-finance commitments.",high,Will Indigenous participation include ownership and decision rights or remain focused on procurement and workforce? | How will corridor Nations be engaged before route and land decisions harden?
YTD26-023,2026-05-15,2026-05-15,Baffinland Iron Mines entered CCAA creditor protection while continuing Mary River operations.,"The restructuring exposed the economic concentration risk facing north Baffin communities, Qikiqtani Inuit Association revenues, and more than 300 Inuit jobs when a single major operator carries over $1 billion of debt.",Qikiqtani Inuit Association | Nunavut Tunngavik Incorporated | north Baffin communities,Nunavut Court of Justice | Export Development Canada,Baffinland Iron Mines | Mary River Mine,Nunavut,north Baffin Island | Qikiqtani,mining | Inuit economy | restructuring | employment | royalties,1000000000 CAD (company-reported debt exceeding this amount),CCAA restructuring | debtor-in-possession financing | IIBA | royalties | employment,restructuring,Baffinland announces CCAA proceedings: https://baffinland.com/media-centre/news-releases/2026/baffinland-announces-commencement-of-proceedings-under-companies-creditors-arrangement-act | QIA and NTI respond: https://www.qia.ca/qia-and-nti-respond-to-baffinland-iron-mines-entering-creditor-protection/ | Court-appointed monitor materials: https://cfcanada.fticonsulting.com/baffinland/,Court extends creditor protection; Inuit groups seek safeguards: https://nunatsiaq.com/stories/article/court-extends-baffinland-creditor-protection-inuit-groups-seek-safeguards/ | Local perspectives on a potential closure: https://nunatsiaq.com/stories/article/mary-river-closure-would-hit-economy-but-could-be-good-for-local-hunters-says-arctic-bay-resident/,"A continuation or sale may protect employment and revenue, while some residents also identify harvesting and environmental costs from the mine. Inuit interests are not reducible to preserving operations at any price.","Operations continued under court protection with EDC-supported interim financing. QIA and NTI were participating to protect Inuit employment, agreement rights, and claims.",Court-approved restructuring or sale milestones and the September 22-24 Mary River annual project review forum.,high,"Will a buyer or recapitalization preserve operations and honour Inuit agreements? | What liabilities, expansion plans, and environmental obligations transfer in a restructuring?"
YTD26-024,2026-05-21,2026-05-21,"The Supreme Court of Canada granted leave in British Columbia's appeal of Gitxaala, putting the legal effect of B.C.'s Declaration Act before the Court.","The case may define whether the Declaration Act immediately constrains inconsistent provincial law or operates primarily through the government's action-plan and law-reform duties. The outcome will shape mineral tenure, consultation, and regulatory certainty across B.C.",Gitxaała Nation | Ehattesaht First Nation | First Nations Leadership Council,Government of British Columbia | Supreme Court of Canada,B.C. mineral claims regime,British Columbia,British Columbia,UNDRIP | DRIPA | mineral tenure | consultation | litigation,,judicial review | statutory interpretation | regulatory reform,litigation,Supreme Court of Canada docket 42200: https://www.scc-csc.ca/cases-dossiers/search-recherche/42200/ | B.C. withdraws proposed Declaration Act amendments: https://news.gov.bc.ca/releases/2026PREM0027-000438 | FNLC opposition to proposed suspension: https://www.ubcic.bc.ca/fnlc_opposes_bc_governments_suspend_dripa,Supreme Court to hear appeal on UNDRIP's reach: https://nationalmagazine.ca/en-ca/articles/hot-topics-in-law/2026/supreme-court-to-hear-appeal-on-undrip-s-reach-in-domestic-law,"The Province argues for workable statutory interpretation and regulatory certainty. Gitxaała, Ehattesaht, and First Nations leadership argue that weakening or suspending the Act would retreat from a binding commitment. The April withdrawal avoided immediate legislation but did not settle the law.",Leave granted. The Province's earlier proposed amendments had been withdrawn; the appeal timetable was underway.,"Appellant factum due August 17, 2026; respondent factum due October 13, with later intervention filings before the hearing.",high,Will the Court treat UNDRIP consistency as an immediately enforceable constraint? | How will mineral-claim consultation operate while the appeal is pending?
YTD26-025,2026-05-22,2026-05-22,Six First Nations and Canada announced a collaborative framework for the proposed Mia-yaltwa Ha'lidzogm hoon marine conservation area on B.C.'s central coast.,"The framework pairs Indigenous Protected and Conserved Area leadership with a potential national marine conservation area, creating a governance and stewardship platform rather than treating conservation only as a restriction on industry.",Wuikinuxv Nation | Nuxalk Nation | Kitasoo Xai'xais Nation | Heiltsuk Nation | Gitxaała Nation | Gitga'at First Nation,Government of Canada | Parks Canada,proposed Mia-yaltwa Ha'lidzogm hoon marine conservation area,British Columbia,central coast | north coast,conservation finance | marine stewardship | Guardians | tourism | fisheries,,co-governance | stewardship employment | conservation designation | sustainable-use planning,proposal,Collaborative marine protection announced: https://www.canada.ca/en/parks-canada/news/2026/05/mia-yaltwa-halidzogm-hoon-a-collaborative-approach-to-marine-protection-announced-for-the-central-coast-of-british-columbia.html | Parks Canada backgrounder: https://www.canada.ca/en/parks-canada/news/2026/05/backgrounder-mia-yaltwa-halidzogm-hoon-a-collaborative-approach-to-marine-protection-announced-for-the-central-coast-of-british-columbia.html,Large marine conservation area established on central B.C. coast: https://globalnews.ca/news/11860815/huge-marine-conservation-area-established-central-bc-coast/,"A planning framework is not a final designation or durable fiscal model. Fisheries, shipping, tourism, and community-use rules require detailed negotiation.","Collaborative framework announced; final boundaries, legal designation, management plan, and recurring funding remained under development.","Feasibility work, consultations, boundary and management decisions, and a funded governance agreement.",high,"What powers and funding will sit with each Nation? | How will conservation objectives interact with fisheries, shipping, tourism, and local economic use?"
YTD26-026,2026-05-28,2026-05-28,British Columbia's K’ómoks First Nation Treaty Act received Royal Assent.,"Provincial ratification moved a modern treaty materially closer to effect, with approximately 3,442 hectares of treaty land, an option for additional land, self-government funding, and capital transfers. Federal ratification and an effective date were still required.",K’ómoks First Nation,Government of British Columbia | Government of Canada,,British Columbia,Comox Valley | Vancouver Island,modern treaty | self-government | land ownership | fiscal arrangements,"90525000 CAD (approximately $90.5 million of identified one-time capital, fisheries, implementation, forestry, sewer, economic-priority, and park-management commitments from Canada and B.C.; recurring transfers additional)",treaty | land transfer | capital transfer | self-government funding | fisheries funding,provincial ratification,K’ómoks welcomes provincial Royal Assent: https://komoks.ca/press-release-komoks-welcomes-passage-of-komoks-treaty-act-in-bc-legislature/ | B.C. treaty announcement and terms: https://news.gov.bc.ca/releases/2026IRR0019-000414 | B.C. third-reading bill text: https://lims.leg.bc.ca/pdms/ldp/43rd2nd/3rd_read/gov20-3.htm | B.C. Treaty Commission overview: https://bctreaty.ca/komoks-first-nation/,,"Provincial ratification is not the treaty effective date. Overlap and implementation concerns raised by neighbouring Nations must be treated as distinct rights-holder positions, not as generic opposition to treaties.",B.C. legislation had Royal Assent. Federal ratification and implementation steps remained before the treaty could take effect.,"Federal implementing legislation, final ratification, and the agreed effective date.",high,"When will federal ratification occur? | How will land, taxation, fisheries, and overlapping-interest implementation work in practice?"
YTD26-027,2026-05-28,2026-05-28,The Supreme Court of Canada declined leave in the Wolastoqey private-land title appeal.,"The New Brunswick Court of Appeal's remedy ruling remained final in that province: a court may find title over private land and award damages, but the pleaded declaration could not displace fee-simple interests. The Supreme Court did not decide the merits.",Wolastoqey Nation,Government of New Brunswick | Supreme Court of Canada,private land and dam assets within the claimed area,New Brunswick,Wolastoqey territory,Aboriginal title | private property | remedies | litigation,,title claim | damages | remedial law,litigation,Supreme Court of Canada docket 42204: https://www.scc-csc.ca/cases-dossiers/search-recherche/42204/,Torys analysis of leave denial: https://www.torys.com/our-latest-thinking/publications/2026/05/scc-declines-to-hear-wolastoqey-nation-appeal?sc_lang=en | Report on Supreme Court leave denial: https://globalnews.ca/news/11872287/aboriginal-title-cant-declared-private-land-supreme-court-of-canada/,"Property-rights advocates framed the leave denial as a broad rule. That is too strong. A leave decision gives no reasons and sets no Supreme Court precedent; the New Brunswick appellate ruling remains jurisdiction-specific while other cases, including Cowichan, follow their own records and appeals.",Leave denied; the underlying Wolastoqey litigation could continue within the remedy framework left by the New Brunswick Court of Appeal.,"Further proceedings on title findings, Crown land, and damages, plus separate appeals in other title cases.",high,How will damages be assessed if title is proven? | How will other appellate courts address title and private interests on different pleadings and records?
YTD26-028,2026-05-29,2026-05-29,Six First Nations increased their collective ownership in the East-West Tie transmission line from 3.5 per cent to 20 per cent.,"The transaction used an Ontario guarantee of up to $75 million and private financing to enlarge ownership in an operating, regulated transmission asset.",Bamkushwada Limited Partnership | six participating First Nations,Government of Ontario,NextBridge Infrastructure | East-West Tie transmission line | Canada Life,Ontario,northwestern Ontario,electricity | transmission | loan guarantees | Nation ownership,75000000 CAD (maximum Ontario loan guarantee),equity acquisition | provincial loan guarantee | private debt,financial close,Ontario supports increased ownership in East-West Tie: https://news.ontario.ca/en/release/1007524/ontario-supporting-increased-first-nations-ownership-in-east-west-tie-transmission-line,,"Regulated operating assets can support predictable cash flows, but equity value still depends on acquisition price, debt service, governance, and allowed-return regulation.",Ownership increase and financing announced as complete.,First distributions under the enlarged ownership and disclosure of debt-service coverage.,high,What acquisition valuation and financing terms apply? | How will the six Nations govern reserves and distributions?
YTD26-029,2026-06-04,2026-06-04,"FNFA completed a record $800-million bond issue, bringing cumulative issuance above $5 billion.","The five-year issue was FNFA's largest and moved the pooled-borrowing system into a new scale category, with 195 First Nations in the borrowing pool according to FNFA.",First Nations Finance Authority | 195 participating First Nations,,,Canada-wide,Canada-wide,capital markets | First Nations fiscal institutions | infrastructure | pooled borrowing,800000000 CAD (bond issue),pooled bond issuance | secured lending,financial close,Record-setting $800M FNFA bond: https://fnfa.ca/en/record-setting-800m-fnfa-bond-drives-community-investment-past-5b/ | FNFA June 2026 investor presentation: https://fnfa.ca/wp-content/uploads/2026/06/FNFA-Investor-Presentation-June-26-Issue-16-WEBSITE-EN.pdf,,"FNFA's estimates of jobs and economic output are issuer calculations using Statistics Canada multipliers, not independently audited realized outcomes. Cumulative issuance, outstanding loans, and member project value must not be conflated.","Issue closed. FNFA reported 16 debentures, $5.15 billion issued, and total member draws around $5.2 billion.","Allocation of proceeds, future borrowing-member growth, ratings surveillance, and SPV legislative reform.",high,How much new issuance funds revenue-producing assets? | Will the proposed SPV reform expand project-finance access without weakening the pooled-credit model?
YTD26-030,2026-06-05,,Solid Gold Resources announced an arrangement with Apitipi Anicinapek Nation to launch a majority Indigenous-led junior mining company.,"The proposal would move a First Nation toward issuer-level control rather than a passive project stake, but it remained conditional and unclosed at the cutoff.",Apitipi Anicinapek Nation,,Solid Gold Resources Corp. | Treaty 9 mineral properties,Ontario,Treaty 9 territory | northeastern Ontario,mining | public markets | Nation ownership | critical minerals,,business combination | share ownership | issuer control,proposal,Solid Gold and Apitipi announce proposed transaction: https://www.newswire.ca/news-releases/solid-gold-resources-corp-announces-transaction-with-apitipi-anicinapek-nation-to-launch-one-of-canada-s-first-indigenous-led-junior-mining-companies-on-treaty-9-lands-824057231.html,,"Junior mining ownership carries exploration, dilution, financing, liquidity, governance, and commodity risk. Indigenous-led does not make speculative geology less speculative.",Proposed arrangement announced; closing and resulting issuer ownership not verified.,"Definitive filings, shareholder and regulatory approvals, financing, and transaction close.",medium,What fully diluted ownership and control will the Nation hold? | How will exploration funding be raised without unacceptable dilution or guarantees?
YTD26-031,2026-06-08,2026-06-08,B.C. Supreme Court quashed the KSM project's substantially-started determination because consultation with Tsetsaut Skii km Lax Ha had been inadequate.,"The decision showed that a project milestone can fail even when a court does not reject the regulator's substantive project reasoning, if consultation with an evolving rights claimant was legally insufficient.",Tsetsaut Skii km Lax Ha | Nisga'a Nation | Tahltan Nation,Government of British Columbia | B.C. Supreme Court,Seabridge Gold | KSM Project,British Columbia,northwestern British Columbia | Golden Triangle,mining | consultation | environmental assessment | litigation,,judicial review | consultation | permit preservation,judgment,Tsetsaut Skii km Lax Ha legal-win statement: https://www.newswire.ca/news-releases/legal-win-for-tsetsaut-skii-km-lax-ha-nation-b-c-supreme-court-strikes-down-substantial-start-determination-for-ksm-mine-and-orders-proper-consultation-quashing-led-to-justice-not-ruling-on-ssd-reasonableness-846724457.html | Seabridge Gold statement: https://www.seabridgegold.com/press-release/bc-supreme-court-decides-seabridge-gold-s-ksm-substantially-started-determination-reasonable,Gowling WLG legal analysis: https://gowlingwlg.com/en/insights-resources/articles/2026/how-evolving-indigenous-claims-can-unsettle-major-projects | SkeenaWild summary: https://skeenawild.org/bc-supreme-court-ksm-mine/,Tsetsaut emphasized that the court did not uphold the determination on the merits. Seabridge emphasized that the underlying reasonableness analysis was not rejected. The precise holding is procedural: the decision was quashed for inadequate consultation and must be reconsidered.,Determination quashed; parties were to make submissions and the Province was to reconsider after proper consultation.,Reconsultation and a new substantially-started determination after the court-directed process.,high,Can the Province cure consultation without altering the substantive outcome? | What costs and schedule consequences arise for KSM and affected Nations?
YTD26-032,2026-06-09,2026-06-09,"Ksi Lisims LNG announced benefit agreements with Lax Kw'alaams, Gitxaała, and Metlakatla, and two Nations withdrew federal court challenges.","The agreements reduced a visible litigation obstacle, but private terms and the absence of a final investment decision prevent the announcement from being counted as project ownership or executed project capital.",Nisga'a Nation | Lax Kw'alaams Band | Gitxaała Nation | Metlakatla First Nation,Government of Canada | Government of British Columbia,Ksi Lisims LNG | Western LNG | Rockies LNG | Prince Rupert Gas Transmission pipeline,British Columbia,Nisga'a treaty lands | north coast | northwestern British Columbia,LNG | major projects | benefit agreements | inter-Nation relations,,benefit agreement | litigation withdrawal | project partnership | prospective project finance,proposal,Ksi Lisims LNG project news: https://www.ksilisimslng.com/news | Major Projects Office project profile: https://www.canada.ca/en/privy-council/major-projects-office/projects/national/ksi-lisims.html,Benefit agreements signed; challenges withdrawn: https://infonews.ca/news/7670404/ksi-lisims-lng-signs-benefit-agreements-with-first-nations-challenges-withdrawn/ | Yellowhead Institute: Buried Burdens: https://yellowheadinstitute.org/report/buried-burdens-the-true-costs-of-liquified-natural-gas-lng-ownership/,"Proponents frame agreements and Indigenous partnership as de-risking. Yellowhead argues that ownership can also transfer construction, environmental, pipeline, and inter-Nation risk into Indigenous balance sheets. Neither lens substitutes for transaction terms and cash-flow analysis.","Benefit agreements executed and litigation reduced. Project still targeted a 2026 final investment decision; financing, construction sanction, and full ownership economics remained unconfirmed.","Final investment decision, financing plan, power arrangement, pipeline plan, and disclosure of Indigenous economic terms.",high,"Who bears cost overruns and pipeline risk? | What cash equity, debt, guarantees, distributions, and downside protections apply to the Nisga'a interest?"
YTD26-033,2026-06-15,2026-06-15,Rose Valley Wind reached financial close with $164.4 million of Canada Infrastructure Bank financing and majority ownership by a 10-First-Nation development corporation.,"This is executed project finance, not only an equity promise: a $128-million project loan and $36.4-million Indigenous equity loan support a 210-megawatt project with a SaskPower power-purchase agreement.",M-Squared Renewables | nine Meadow Lake Tribal Council Nations | Mistawasis Nêhiyawak First Nation,Canada Infrastructure Bank | SaskPower,Potentia Renewables | Rose Valley Wind | Desjardins Group | KfW IPEX-Bank,Saskatchewan,Assiniboia | southern Saskatchewan,wind power | project finance | Nation ownership | electricity,164400000 CAD ($128M project loan plus $36.4M Indigenous equity loan),project loan | Indigenous equity loan | majority ownership | power-purchase agreement,financial close,CIB advances Rose Valley Wind: https://cib-bic.ca/en/medias/articles/advancing-wind-energy-infrastructure-and-indigenous-ownership-in-saskatchewan/,,"Financial close materially improves certainty but does not eliminate construction, wind-resource, availability, counterparty, refinancing, or governance risk.",Financing closed; construction and delivery of 28 turbines remained ahead.,"Construction progress, commercial operation, final cost, and first distributions.",high,What percentage and economics sit with M-Squared after all financing? | What construction-completion and downside protections apply to the Indigenous equity loan?
YTD26-034,2026-06-16,2026-06-16,Snuneymuxw and Musqueam completed the acquisition of River Rock Casino Resort through a Snuneymuxw-majority partnership.,"The closed transaction places a major operating gaming and hospitality asset under First Nation ownership and operation, with the purchasing partnership structured to meet Indigenous procurement criteria.",Snuneymuxw First Nation | Musqueam Indian Band | Petroglyph Development Group | Musqueam Capital Corporation,,River Rock Casino Resort,British Columbia,Richmond | Lower Mainland,gaming | hospitality | commercial real estate | Nation ownership,,asset acquisition | majority ownership | operating control,transaction closed,Musqueam and Snuneymuxw complete River Rock transaction: https://www.musqueam.bc.ca/musqueam-indian-band-and-musqueam-capital-corp-complete-river-rock-casino-resort-transaction/,River Rock casino acquisition completed: https://g3newswire.com/snuneymuxw-and-musqueam-complete-river-rock-casino-acquisition/,"Terms were private. Gaming assets introduce regulatory, social-licence, leverage, operating, and concentration risks that require explicit Nation-level governance.",Transaction closed and operating control transferred.,"Post-close integration, regulatory reporting, debt service, distributions, employment, and procurement outcomes.",high,"What purchase price, leverage, and distribution policy apply? | How will the partners govern operating, social, and reputational risk?"
YTD26-035,2026-06-16,2026-06-16,British Columbia opened its $1-billion First Nations Equity Financing Program.,"The program gives B.C. a large loan-guarantee tool for First Nation equity stakes, with guarantees from $5 million to $400 million and generally capped at 20 per cent of project cost. No closed transaction was found by the cutoff.",B.C. First Nations | eligible First Nation-owned entities,Government of British Columbia,,British Columbia,British Columbia,loan guarantees | capital formation | major projects | Nation ownership,"1000000000 CAD (provincial guarantee capacity, not capital deployed)",provincial loan guarantee | equity acquisition support,implementation,B.C. opens First Nations Equity Financing Program: https://archive.news.gov.bc.ca/releases/news_releases_2024-2028/2026FIN0023-000703.htm | Program rules and application information: https://www2.gov.bc.ca/gov/content/employment-business/economic-development/indigenous-economic-development-resources/first-nations-equity-financing-program,,"Guarantee capacity is not investment and does not make a weak project strong. It transfers defined credit risk to the Province and requires disciplined pricing, governance, and downside analysis.",Program open for applications; zero verified closed guarantees located.,"First approved and closed guarantee, including disclosure of project, amount, ownership percentage, and risk allocation.",high,Which projects will qualify and how will the Province disclose contingent liabilities? | Will smaller Nations have the advisory capacity to participate on equal terms?
YTD26-036,2026-06-22,,Canada committed $21.6 million to a clean-energy project led by Sayisi Dene First Nation in Manitoba.,"The commitment supports northern community energy infrastructure and local ownership, but project delivery and operating economics remain the proof points.",Sayisi Dene First Nation,Government of Canada | Natural Resources Canada,Sayisi Dene clean-energy project,Manitoba,Tadoule Lake | northern Manitoba,clean energy | remote infrastructure | Nation ownership | northern economy,21600000 CAD (federal investment commitment),grant or contribution | community energy infrastructure,financing committed,Canada invests $21.6M in Sayisi Dene clean energy: https://www.canada.ca/en/natural-resources-canada/news/2026/06/government-of-canada-invests-216-million-in-first-of-its-kind-clean-energy-project-in-manitoba.html,,"A contribution announcement is not construction completion. Remote logistics, operations, maintenance, and diesel-displacement performance determine lasting value.",Funding committed; project execution remained ahead.,"Construction award, commissioning, operating model, and measured energy-cost and diesel reductions.",high,What is the full capital stack and asset ownership? | Who bears operating and maintenance risk after commissioning?
YTD26-037,2026-06-23,2026-06-23,Canada and Ontario announced approximately $715 million of financing and guarantees to support seven Williams Treaties First Nations in the Darlington New Nuclear Project.,"The package is the largest federal Indigenous loan guarantee announced to date and could produce a significant minority interest in new nuclear infrastructure. The wording is prospective: the Nations are financed to eventually own, not yet shown as registered owners of a completed asset.",Alderville First Nation | Beausoleil First Nation | Chippewas of Georgina Island First Nation | Chippewas of Rama First Nation | Curve Lake First Nation | Hiawatha First Nation | Mississaugas of Scugog Island First Nation | Williams Treaties First Nations,Government of Canada | Government of Ontario,Ontario Power Generation | Darlington New Nuclear Project,Ontario,Clarington | Williams Treaties territory,nuclear | loan guarantees | project finance | Nation ownership,"715000000 CAD (approximate financing, supported half by federal and half by Ontario guarantees)",federal loan guarantee | provincial loan guarantee | equity financing | prospective minority ownership,financial close,Largest federal Indigenous loan guarantee supports Darlington: https://www.canada.ca/en/department-finance/news/2026/06/government-announces-largest-indigenous-loan-guarantee-in-canadian-history-to-support-darlington-new-nuclear-project.html,,"Guarantees lower financing cost but do not eliminate construction, technology, schedule, regulatory, decommissioning, or long-duration debt risk. 'Eventually own' should not be reported as current ownership.",Financing and guarantees announced; the future ownership stake and project remained subject to construction and transaction milestones.,"Definitive ownership close, project construction milestones, cost updates, and disclosure of percentage interest and downside protections.",high,"What exact equity percentage and valuation will the Nations receive? | Who bears cost overruns, delays, and decommissioning exposure?"
YTD26-038,2026-06-24,,Canada advanced the Inuit-owned Grays Bay Road and Port project through major-project review and conditional preconstruction support.,"The project could link the mineral-rich Slave Geological Province to an Arctic deep-water port under Inuit ownership, but it remained in impact assessment, not permitted construction.",Kitikmeot Inuit Association | West Kitikmeot Resources Corp.,Government of Canada | Nunavut Impact Review Board | Government of Nunavut,Grays Bay Road and Port Project,Nunavut | Northwest Territories,Kitikmeot | Slave Geological Province,Arctic infrastructure | critical minerals | port | road | Inuit ownership,50000000 CAD (up to this amount of conditional federal preconstruction support announced in May),Inuit ownership | federal preconstruction funding | impact assessment | project finance,proposal,Major Projects Office: Grays Bay: https://www.canada.ca/en/privy-council/major-projects-office/projects/national/grays-bay.html | Canada invests in Arctic critical-mineral infrastructure: https://www.canada.ca/en/natural-resources-canada/news/2026/05/canada-invests-in-arctic-infrastructure-to-bring-critical-minerals-to-market-and-strengthen-northern-communities.html | CanNor investment backgrounder: https://www.canada.ca/en/northern-economic-development/news/2026/04/backgrounder-cannor-invests-in-projects-to-strengthen-nunavuts-economy-infrastructure-and-arctic-security.html,Grays Bay enters lengthy review process: https://nunatsiaq.com/stories/article/mini-celebration-before-lengthy-review-process-for-grays-bay-project/,"The strategic case combines Inuit ownership, sovereignty, and mineral access. The counterweight is a large, remote, climate-exposed project whose mine-dependent traffic, capital cost, environmental effects, and operating subsidy need rigorous proof.",Impact statement accepted for review. Federal support remained conditional; the project was not approved or financed for construction.,"Technical review in August, community meetings in fall 2026, and a possible NIRB recommendation in early 2027.",high,What committed mine traffic underwrites the road and port? | What is the full capital cost and long-term operating subsidy or revenue model?
YTD26-039,2026-07-02,,"Canada and Alberta advanced a proposed one-million-barrel-per-day oil pipeline to B.C.'s south coast, with a possible Indigenous equity component.","The proposal became a national political and major-project file before it had a final route, proponent, financing, permits, or consent. A possible 10-per-cent Indigenous interest is an ambition, not ownership.",Tsawwassen First Nation | Union of B.C. Indian Chiefs | First Nations Leadership Council | potential corridor Nations,Government of Canada | Government of Alberta | Government of British Columbia | Major Projects Office,proposed southern B.C. pipeline | Trans Mountain Corporation | Alberta Petroleum Marketing Commission | Pembina Pipeline Corporation,Alberta | British Columbia,southern Alberta-to-B.C. corridor | Roberts Bank,oil pipeline | major projects | rights | consent | prospective ownership,"100000000000 CAD (government estimate of trade capacity enabled, not project cost or Indigenous equity)",project proposal | potential equity | major-project review | possible loan guarantee,proposal,Canada and Alberta advance west coast pipeline proposal: https://www.pm.gc.ca/en/news/news-releases/2026/07/02/canada-and-alberta-advance-west-coast-pipeline-project-proposal-and | Major Projects Office project profile: https://www.canada.ca/en/privy-council/major-projects-office/projects/national/west.html | Alberta project page: https://www.alberta.ca/west-coast-oil-pipeline | Tsawwassen First Nation response: https://tsawwassenfirstnation.com/tsawwassen-first-nation-responds-to-proposed-southern-pipeline-route/ | UBCIC response: https://www.ubcic.bc.ca/ubcic_responds_to_coordinated_government_push_for_fossil_fuel_expansion_in_british_columbia,APTN report on First Nation concerns: https://www.aptnnews.ca/national-news/imminent-alberta-pipeline-proposal-submission-has-b-c-environmentalists-first-nations-readying-for-battle/ | Associated Press report: https://apnews.com/article/654fe58e72da9bd976563223b7759c2e,"Supporters frame the project as export diversification, sovereignty, and a chance for equity. Tsawwassen and First Nations leadership emphasized lack of prior consultation, rights, climate effects, marine risk, and the difference between an equity offer and consent.","Early proposal referred to the Major Projects Office. No final route, designated proponent, Indigenous partner group, regulatory application, financing, or ownership agreement.","Potential national-interest decision by October 1, 2026, route and proponent disclosure, and any regulatory filing. Alberta proposed a September 1, 2027 construction start, subject to major unresolved steps.",high,"Who is the legal and financial proponent? | Which Nations would consent, oppose, or seek ownership, and on what route? | What economics support the project after construction, marine, climate, and legal risk?"
YTD26-040,2026-07-06,2026-07-06,"B.C. and First Nations advanced three conservation-planning areas covering about 127,000 hectares with a three-year mineral-tenure pause.",The temporary tenure pause creates space for Nation-led planning and illustrates how land certainty can require sequencing mineral access after governance decisions rather than before them.,participating B.C. First Nations,Government of British Columbia,three conservation-planning areas,British Columbia,British Columbia,conservation | mineral tenure | land-use planning | stewardship,,interim mineral-tenure pause | land-use planning | co-governance,consultation,B.C. advances First Nation conservation planning: https://archive.news.gov.bc.ca/releases/news_releases_2024-2028/2026WLRS0032-000798.htm,,"A pause can reduce near-term mineral optionality while improving planning legitimacy. The economic result depends on final design, stewardship funding, affected tenure treatment, and alternative land-based revenue.",Interim mineral-tenure pause and planning process in effect; final designations not complete.,"Draft plans, consultation, final designations, and funded stewardship arrangements.",high,Which existing interests are affected and how? | Will final plans include durable Nation governance and revenue mechanisms?
YTD26-041,2026-07-14,,Five B.C. First Nation development organizations secured an option for up to a $1-billion majority interest in LNG Canada Phase 2 storage infrastructure.,"The proposed build-own-leaseback structure could become one of Canada's largest Indigenous energy-infrastructure stakes, but it depends on LNG Canada sanctioning Phase 2 and on financing and closing a separate asset transaction.",Gitga'at First Nation development organization | Gitxaała Nation development organization | Haisla Nation development organization | Kitselas First Nation development organization | Kitsumkalum First Nation development organization | MNT Partnership,Government of Canada | Government of British Columbia,LNG Canada | proposed Phase 2 storage tank | Mitsubishi Corporation | PETRONAS | PetroChina | KOGAS | Shell,British Columbia,Kitimat | north coast,LNG | project finance | Nation ownership | major projects,"1000000000 CAD (maximum prospective investment under an option, not closed capital)",option | special-purpose vehicle | build-own-leaseback | prospective debt and equity,option,MNT equity option for LNG Canada Phase 2: https://www.newswire.ca/news-releases/landmark-indigenous-equity-option-creates-potential-for-one-of-canada-s-largest-indigenous-ownership-stakes-in-energy-infrastructure-at-lng-canada-808661298.html | Canada supports proposed LNG Canada Phase 2 investment co-operation: https://www.canada.ca/en/natural-resources-canada/news/2026/05/enhanced-investment-co-operation-advances-efforts-around-lng-canadas-proposed-phase-2-expansion.html,LNG Canada option agreement with five First Nations: https://ckpgtoday.ca/2026/07/14/lng-canada-equity-option-agreement-with-five-first-nations/,"An option creates negotiating leverage but no present asset, revenue, or committed ownership. Leaseback credit, construction cost, Phase 2 sanction, debt terms, and residual-value risk require scrutiny.","Option announced. Phase 2 had no final investment decision, and the MNT acquisition was not financed or closed.","LNG Canada Phase 2 final investment decision targeted by proponents for late 2026, followed by definitive financing and asset agreements.",high,"What return, lease term, guarantees, and residual-value exposure would MNT assume? | How will the five partners allocate equity, governance, debt, and distributions?"
